<!DOCTYPE suite SYSTEM "https://testng.org/testng-1.0.dtd">
<suite name="Regression Suite">
    <test name="app testing chrome">
        <parameter name="browser" value="chrome"></parameter>
        <parameter name="platform" value="windows"></parameter>
        <parameter name="support" value="commercial"></parameter>
        <classes>
            <class name="main.java.testngclasses.TNG_Parameters"></class>
        </classes>
    </test>
    <test name="app testing firefox">
        <parameter name="browser" value="firefox"></parameter>
        <parameter name="platform" value="linux"></parameter>
        <parameter name="support" value="learning"></parameter>
        <classes>
            <class name="main.java.testngclasses.TNG_Parameters"></class>
        </classes>
    </test>
    <test name="app testing edge">
        <parameter name="browser" value="edge"></parameter>
        <parameter name="platform" value="mac"></parameter>
        <parameter name="support" value="forum"></parameter>
        <classes>
            <class name="main.java.testngclasses.TNG_Parameters"></class>
        </classes>
    </test>
</suite>